date,actual,sarimax,mean,naive,seasonal_naive_daily,seasonal_naive_weekly,drift,feature_model,foundation_model
2016-05-13 19:00:00,208.33333333333334,197.09367088334938,97.46163394267657,348.3333333333333,123.33333333333333,126.66666666666667,348.432667343944,183.84422,120.76802
2016-05-13 20:00:00,120.0,168.20443881724265,97.46163394267657,348.3333333333333,100.0,116.66666666666667,348.53200135455467,111.33446,108.45175
2016-05-13 21:00:00,63.333333333333336,141.98078615441005,97.46163394267657,348.3333333333333,71.66666666666667,71.66666666666667,348.63133536516534,67.425316,84.845535
2016-05-13 22:00:00,55.0,123.33189401462258,97.46163394267657,348.3333333333333,60.0,53.333333333333336,348.730669375776,52.45024,68.423836
2016-05-13 23:00:00,61.666666666666664,106.9442524694986,97.46163394267657,348.3333333333333,56.666666666666664,58.333333333333336,348.8300033863867,51.8409,58.16023
2016-05-14 00:00:00,58.333333333333336,95.98186667604497,97.46163394267657,348.3333333333333,55.0,51.666666666666664,348.92933739699737,51.640327,56.79175
2016-05-14 01:00:00,63.333333333333336,86.67551308073459,97.46163394267657,348.3333333333333,53.333333333333336,56.666666666666664,349.02867140760804,50.339016,56.107513
2016-05-14 02:00:00,60.0,80.77733414272802,97.46163394267657,348.3333333333333,58.333333333333336,53.333333333333336,349.1280054182187,49.295113,56.79175
2016-05-14 03:00:00,60.0,69.80715422723785,97.46163394267657,348.3333333333333,58.333333333333336,55.0,349.2273394288294,52.341682,56.79175
2016-05-14 04:00:00,60.0,54.06526843980796,97.46163394267657,348.3333333333333,50.0,55.0,349.32667343944007,60.008503,56.79175
2016-05-14 05:00:00,56.666666666666664,56.88381634171033,97.46163394267657,348.3333333333333,58.333333333333336,51.666666666666664,349.4260074500508,64.42598,56.79175
2016-05-14 06:00:00,63.333333333333336,59.63329735290958,97.46163394267657,348.3333333333333,146.66666666666666,53.333333333333336,349.5253414606615,84.3199,58.16023
2016-05-14 07:00:00,113.33333333333333,74.82928856473707,97.46163394267657,348.3333333333333,176.66666666666666,148.33333333333334,349.62467547127216,141.28807,60.212986
2016-05-14 08:00:00,133.33333333333334,84.26249431422332,97.46163394267657,348.3333333333333,338.3333333333333,121.66666666666667,349.72400948188283,161.24788,64.66051
2016-05-14 09:00:00,118.33333333333333,83.39223418682445,97.46163394267657,348.3333333333333,93.33333333333333,153.33333333333334,349.8233434924935,110.567314,71.502884
2016-05-14 10:00:00,158.33333333333334,97.85606785417467,97.46163394267657,348.3333333333333,73.33333333333333,178.33333333333334,349.9226775031042,124.76959,81.76644
2016-05-14 11:00:00,96.66666666666667,98.67883033445906,97.46163394267657,348.3333333333333,355.0,161.66666666666666,350.02201151371486,125.948524,75.95045
2016-05-14 12:00:00,116.66666666666667,108.36812896671105,97.46163394267657,348.3333333333333,301.6666666666667,86.66666666666667,350.12134552432553,111.03225,69.10808
2016-05-14 13:00:00,113.33333333333333,112.84577679893698,97.46163394267657,348.3333333333333,268.3333333333333,75.0,350.2206795349362,113.269745,65.0026
2016-05-14 14:00:00,106.66666666666667,98.6852831913867,97.46163394267657,348.3333333333333,318.3333333333333,88.33333333333333,350.3200135455469,100.62107,65.0026
2016-05-14 15:00:00,130.0,89.1452915821038,97.46163394267657,348.3333333333333,201.66666666666666,103.33333333333333,350.41934755615756,93.602615,65.0026
2016-05-14 16:00:00,111.66666666666667,122.38143324065724,97.46163394267657,348.3333333333333,351.6666666666667,91.66666666666667,350.51868156676824,104.97754,63.63413
2016-05-14 17:00:00,241.66666666666666,186.31479292061374,97.46163394267657,348.3333333333333,231.66666666666666,83.33333333333333,350.6180155773789,121.29948,69.79231
2016-05-14 18:00:00,166.66666666666666,183.11190087818193,97.46163394267657,348.3333333333333,348.3333333333333,285.0,350.7173495879896,189.50517,72.52922
2016-05-14 19:00:00,90.0,127.06779371185348,97.52798298634426,166.66666666666666,208.33333333333334,120.0,166.7041764640018,170.7036,117.41309
2016-05-14 20:00:00,86.66666666666667,91.92108528940489,97.52798298634426,166.66666666666666,120.0,86.66666666666667,166.7416862613369,126.844315,100.25535
2016-05-14 21:00:00,75.0,59.92204918522097,97.52798298634426,166.66666666666666,63.333333333333336,56.666666666666664,166.77919605867203,70.47602,71.9954
2016-05-14 22:00:00,61.666666666666664,56.487946952954836,97.52798298634426,166.66666666666666,55.0,58.333333333333336,166.81670585600716,58.99255,61.902637
2016-05-14 23:00:00,48.333333333333336,46.33762662011435,97.52798298634426,166.66666666666666,61.666666666666664,56.666666666666664,166.8542156533423,59.5898,59.88403
2016-05-15 00:00:00,53.333333333333336,44.856280995370255,97.52798298634426,166.66666666666666,58.333333333333336,58.333333333333336,166.8917254506774,53.591274,58.538322
2016-05-15 01:00:00,55.0,51.32801934240622,97.52798298634426,166.66666666666666,63.333333333333336,51.666666666666664,166.92923524801253,51.616653,58.538322
2016-05-15 02:00:00,51.666666666666664,53.317624343465425,97.52798298634426,166.66666666666666,60.0,55.0,166.96674504534766,53.79756,58.538322
2016-05-15 03:00:00,40.0,52.683377532064,97.52798298634426,166.66666666666666,60.0,56.666666666666664,167.00425484268277,51.619473,58.538322
2016-05-15 04:00:00,51.666666666666664,55.36549911122208,97.52798298634426,166.66666666666666,60.0,50.0,167.0417646400179,51.717144,58.538322
2016-05-15 05:00:00,56.666666666666664,64.52755104298151,97.52798298634426,166.66666666666666,56.666666666666664,56.666666666666664,167.07927443735304,53.898052,59.88403
2016-05-15 06:00:00,51.666666666666664,68.07768440129715,97.52798298634426,166.66666666666666,63.333333333333336,50.0,167.11678423468817,78.38043,63.584747
2016-05-15 07:00:00,93.33333333333333,98.04678979869827,97.52798298634426,166.66666666666666,113.33333333333333,60.0,167.15429403202327,115.97606,65.26686
2016-05-15 08:00:00,118.33333333333333,108.92164898295026,97.52798298634426,166.66666666666666,133.33333333333334,183.33333333333334,167.1918038293584,156.94533,66.61257
2016-05-15 09:00:00,101.66666666666667,92.6226972310302,97.52798298634426,166.66666666666666,118.33333333333333,143.33333333333334,167.22931362669354,154.13182,66.61257
2016-05-15 10:00:00,108.33333333333333,105.01631843013075,97.52798298634426,166.66666666666666,158.33333333333334,135.0,167.26682342402864,168.82324,66.61257
2016-05-15 11:00:00,105.0,108.55989791844802,97.52798298634426,166.66666666666666,96.66666666666667,50.0,167.30433322136378,155.89957,64.2576
2016-05-15 12:00:00,96.66666666666667,105.77966406959825,97.52798298634426,166.66666666666666,116.66666666666667,56.666666666666664,167.3418430186989,136.35571,63.584747
2016-05-15 13:00:00,136.66666666666666,97.69338597041373,97.52798298634426,166.66666666666666,113.33333333333333,56.666666666666664,167.37935281603404,100.16777,65.93971
2016-05-15 14:00:00,88.33333333333333,92.08723187170295,97.52798298634426,166.66666666666666,106.66666666666667,56.666666666666664,167.41686261336915,98.09886,65.26686
2016-05-15 15:00:00,93.33333333333333,89.8456207098196,97.52798298634426,166.66666666666666,130.0,50.0,167.45437241070428,88.64432,66.94902
2016-05-15 16:00:00,143.33333333333334,114.93130259748624,97.52798298634426,166.66666666666666,111.66666666666667,55.0,167.4918822080394,203.6373,68.63117
2016-05-15 17:00:00,236.66666666666666,178.34605271693866,97.52798298634426,166.66666666666666,241.66666666666666,56.666666666666664,167.52939200537452,181.67276,69.97688
2016-05-15 18:00:00,98.33333333333333,192.7044341449378,97.52798298634426,166.66666666666666,166.66666666666666,50.0,167.56690180270965,275.24457,73.3411
2016-05-15 19:00:00,96.66666666666667,133.81787497636225,97.4616922051965,98.33333333333333,90.0,60.0,98.34777296456735,139.1571,100.12986
2016-05-15 20:00:00,246.66666666666666,121.68444663178882,97.4616922051965,98.33333333333333,86.66666666666667,78.33333333333333,98.3622125958014,106.09205,90.11693
2016-05-15 21:00:00,203.33333333333334,91.34841446610433,97.4616922051965,98.33333333333333,75.0,63.333333333333336,98.37665222703542,103.95858,70.09089
2016-05-15 22:00:00,86.66666666666667,60.955299544237356,97.4616922051965,98.33333333333333,61.666666666666664,58.333333333333336,98.39109185826946,75.87389,60.077953
2016-05-15 23:00:00,83.33333333333333,66.77082698115214,97.4616922051965,98.33333333333333,48.333333333333336,53.333333333333336,98.40553148950349,64.41684,56.74025
2016-05-16 00:00:00,61.666666666666664,70.19176842312919,97.4616922051965,98.33333333333333,53.333333333333336,55.0,98.41997112073753,52.291874,54.070168
2016-05-16 01:00:00,53.333333333333336,76.4147446274695,97.4616922051965,98.33333333333333,55.0,58.333333333333336,98.43441075197155,61.943935,53.402634
2016-05-16 02:00:00,56.666666666666664,86.18898970371593,97.4616922051965,98.33333333333333,51.666666666666664,55.0,98.4488503832056,57.866924,53.402634
2016-05-16 03:00:00,53.333333333333336,95.8035951051414,97.4616922051965,98.33333333333333,40.0,53.333333333333336,98.46329001443962,59.867474,51.399994
2016-05-16 04:00:00,55.0,95.20580596443943,97.4616922051965,98.33333333333333,51.666666666666664,56.666666666666664,98.47772964567366,59.867474,53.402634
2016-05-16 05:00:00,51.666666666666664,94.92600597877437,97.4616922051965,98.33333333333333,56.666666666666664,65.0,98.49216927690769,53.924664,56.74025
2016-05-16 06:00:00,53.333333333333336,78.76013735996396,97.4616922051965,98.33333333333333,51.666666666666664,55.0,98.50660890814173,60.816116,56.74025
2016-05-16 07:00:00,61.666666666666664,107.0137758391331,97.4616922051965,98.33333333333333,93.33333333333333,56.666666666666664,98.52104853937576,115.9055,61.413017
2016-05-16 08:00:00,88.33333333333333,146.08576802341267,97.4616922051965,98.33333333333333,118.33333333333333,61.666666666666664,98.5354881706098,151.29298,68.42208
2016-05-16 09:00:00,70.0,123.99214430278806,97.4616922051965,98.33333333333333,101.66666666666667,66.66666666666667,98.54992780184382,164.95067,66.75327
2016-05-16 10:00:00,148.33333333333334,127.51638063730736,97.4616922051965,98.33333333333333,108.33333333333333,55.0,98.56436743307786,174.74847,63.41557
2016-05-16 11:00:00,103.33333333333333,137.6096746454688,97.4616922051965,98.33333333333333,105.0,61.666666666666664,98.57880706431189,148.10803,60.077953
2016-05-16 12:00:00,206.66666666666666,130.8648134536848,97.4616922051965,98.33333333333333,96.66666666666667,135.0,98.59324669554593,154.21065,58.075314
2016-05-16 13:00:00,266.6666666666667,112.08759187995796,97.4616922051965,98.33333333333333,136.66666666666666,173.33333333333334,98.60768632677996,173.45738,60.077953
2016-05-16 14:00:00,88.33333333333333,103.79223173450853,97.4616922051965,98.33333333333333,88.33333333333333,88.33333333333333,98.622125958014,149.85716,58.075314
2016-05-16 15:00:00,111.66666666666667,100.15878465937729,97.4616922051965,98.33333333333333,93.33333333333333,70.0,98.63656558924802,131.99275,60.077953
2016-05-16 16:00:00,88.33333333333333,121.67807892737925,97.4616922051965,98.33333333333333,143.33333333333334,78.33333333333333,98.65100522048206,141.95897,70.09089
2016-05-16 17:00:00,243.33333333333334,169.51923822818446,97.4616922051965,98.33333333333333,236.66666666666666,268.3333333333333,98.66544485171609,162.61638,79.102585
2016-05-16 18:00:00,155.0,152.48184286673256,97.4616922051965,98.33333333333333,98.33333333333333,120.0,98.67988448295013,176.42027,90.11693
2016-05-16 19:00:00,115.0,115.67612894425733,97.59198061246967,155.0,96.66666666666667,110.0,155.03305785123968,127.54374,114.93852
2016-05-16 20:00:00,96.66666666666667,96.41742349431713,97.59198061246967,155.0,246.66666666666666,95.0,155.06611570247935,131.20654,95.555405
2016-05-16 21:00:00,68.33333333333333,63.694189427304735,97.59198061246967,155.0,203.33333333333334,71.66666666666667,155.099173553719,97.91337,72.09162
2016-05-16 22:00:00,46.666666666666664,52.84714049819513,97.59198061246967,155.0,86.66666666666667,71.66666666666667,155.13223140495867,81.891106,61.889946
2016-05-16 23:00:00,60.0,55.86989893180403,97.59198061246967,155.0,83.33333333333333,60.0,155.16528925619835,74.15591,56.449074
2016-05-17 00:00:00,50.0,47.69509816431996,97.59198061246967,155.0,61.666666666666664,51.666666666666664,155.19834710743802,45.649956,56.449074
2016-05-17 01:00:00,55.0,45.70644845157552,97.59198061246967,155.0,53.333333333333336,55.0,155.23140495867767,46.259296,55.088856
2016-05-17 02:00:00,51.666666666666664,55.30514382181748,97.59198061246967,155.0,56.666666666666664,56.666666666666664,155.26446280991735,46.259296,55.088856
2016-05-17 03:00:00,53.333333333333336,51.98955021280979,97.59198061246967,155.0,53.333333333333336,56.666666666666664,155.29752066115702,46.259296,53.048576
2016-05-17 04:00:00,53.333333333333336,36.46971222960824,97.59198061246967,155.0,55.0,50.0,155.3305785123967,47.113827,55.088856
2016-05-17 05:00:00,58.333333333333336,60.389161367458016,97.59198061246967,155.0,51.666666666666664,71.66666666666667,155.36363636363637,50.370625,55.088856
2016-05-17 06:00:00,56.666666666666664,77.22306255099227,97.59198061246967,155.0,53.333333333333336,63.333333333333336,155.39669421487602,54.966496,59.849663
2016-05-17 07:00:00,65.0,94.98152567975413,97.59198061246967,155.0,61.666666666666664,60.0,155.4297520661157,94.28787,63.59024
2016-05-17 08:00:00,56.666666666666664,101.18452060713685,97.59198061246967,155.0,88.33333333333333,56.666666666666664,155.46280991735537,121.38312,66.65075
2016-05-17 09:00:00,51.666666666666664,90.55675216464738,97.59198061246967,155.0,70.0,55.0,155.49586776859505,77.84384,61.889946
2016-05-17 10:00:00,53.333333333333336,117.79895999387242,97.59198061246967,155.0,148.33333333333334,53.333333333333336,155.52892561983472,92.9831,60.52977
2016-05-17 11:00:00,51.666666666666664,136.61139554788517,97.59198061246967,155.0,103.33333333333333,56.666666666666664,155.56198347107437,84.60598,60.52977
2016-05-17 12:00:00,53.333333333333336,129.45202954460683,97.59198061246967,155.0,206.66666666666666,58.333333333333336,155.59504132231405,87.26896,59.849663
2016-05-17 13:00:00,41.666666666666664,124.40121383825199,97.59198061246967,155.0,266.6666666666667,53.333333333333336,155.62809917355372,81.91161,61.54991
2016-05-17 14:00:00,53.333333333333336,120.53842543662932,97.59198061246967,155.0,88.33333333333333,53.333333333333336,155.6611570247934,79.032875,63.250164
2016-05-17 15:00:00,51.666666666666664,131.6338118827728,97.59198061246967,155.0,111.66666666666667,56.666666666666664,155.69421487603304,80.42148,65.290535
2016-05-17 16:00:00,66.66666666666667,159.21110347506843,97.59198061246967,155.0,88.33333333333333,63.333333333333336,155.72727272727272,88.708466,70.73136
2016-05-17 17:00:00,153.33333333333334,223.22508811754437,97.59198061246967,155.0,243.33333333333334,126.66666666666667,155.7603305785124,113.40897,81.613144
2016-05-17 18:00:00,100.0,202.34637882626208,97.59198061246967,155.0,155.0,101.66666666666667,155.79338842975207,158.1609,89.77445
2016-05-17 19:00:00,123.33333333333333,90.5610077841356,97.33661202185789,100.0,115.0,105.0,100.0147589373565,163.91347,98.107216
2016-05-17 20:00:00,118.33333333333333,81.26675451242997,97.33661202185789,100.0,96.66666666666667,95.0,100.02951787471302,153.9416,80.51556
2016-05-17 21:00:00,65.0,63.12560481963788,97.33661202185789,100.0,68.33333333333333,68.33333333333333,100.04427681206953,91.5226,62.2473
2016-05-17 22:00:00,46.666666666666664,69.23486175998443,97.33661202185789,100.0,46.666666666666664,58.333333333333336,100.05903574942604,87.871574,54.80469
2016-05-17 23:00:00,55.0,64.12227689543639,97.33661202185789,100.0,60.0,56.666666666666664,100.07379468678255,73.5134,51.42173
2016-05-18 00:00:00,51.666666666666664,44.28600908336212,97.33661202185789,100.0,50.0,51.666666666666664,100.08855362413907,74.03805,51.42173
2016-05-18 01:00:00,53.333333333333336,44.24442220827831,97.33661202185789,100.0,55.0,56.666666666666664,100.10331256149557,72.06798,51.42173
2016-05-18 02:00:00,55.0,70.24897530715504,97.33661202185789,100.0,51.666666666666664,56.666666666666664,100.11807149885209,57.61143,51.42173
2016-05-18 03:00:00,51.666666666666664,74.7462770649218,97.33661202185789,100.0,53.333333333333336,53.333333333333336,100.1328304362086,71.78129,51.42173
2016-05-18 04:00:00,51.666666666666664,76.36255879771488,97.33661202185789,100.0,53.333333333333336,51.666666666666664,100.1475893735651,57.61143,51.42173
2016-05-18 05:00:00,65.0,81.25112198849072,97.33661202185789,100.0,58.333333333333336,68.33333333333333,100.16234831092162,70.693634,53.45149
2016-05-18 06:00:00,70.0,84.4409912491337,97.33661202185789,100.0,56.666666666666664,110.0,100.17710724827812,88.30351,56.834538
2016-05-18 07:00:00,53.333333333333336,106.8532696350648,97.33661202185789,100.0,65.0,76.66666666666667,100.19186618563464,119.29594,66.64522
2016-05-18 08:00:00,61.666666666666664,126.13355636427916,97.33661202185789,100.0,56.666666666666664,161.66666666666666,100.20662512299114,147.20876,66.9835
2016-05-18 09:00:00,65.0,115.93130584880852,97.33661202185789,100.0,51.666666666666664,65.0,100.22138406034766,97.4895,61.570698
2016-05-18 10:00:00,58.333333333333336,120.5866747411634,97.33661202185789,100.0,53.333333333333336,63.333333333333336,100.23614299770416,139.0863,58.187737
2016-05-18 11:00:00,70.0,122.99072143972462,97.33661202185789,100.0,51.666666666666664,55.0,100.25090193506068,118.92902,56.834538
2016-05-18 12:00:00,56.666666666666664,131.38363431500892,97.33661202185789,100.0,53.333333333333336,56.666666666666664,100.26566087241719,102.188095,55.81961
2016-05-18 13:00:00,86.66666666666667,122.09614563582059,97.33661202185789,100.0,41.666666666666664,73.33333333333333,100.28041980977369,100.34492,56.834538
2016-05-18 14:00:00,81.66666666666667,112.37350429913528,97.33661202185789,100.0,53.333333333333336,80.0,100.29517874713021,99.22447,54.80469
2016-05-18 15:00:00,83.33333333333333,110.55604138274244,97.33661202185789,100.0,51.666666666666664,76.66666666666667,100.30993768448671,100.01918,58.187737
2016-05-18 16:00:00,105.0,126.08759358914031,97.33661202185789,100.0,66.66666666666667,75.0,100.32469662184323,109.986626,63.60054
2016-05-18 17:00:00,118.33333333333333,206.09554416115674,97.33661202185789,100.0,153.33333333333334,91.66666666666667,100.33945555919973,155.55905,75.10271
2016-05-18 18:00:00,178.33333333333334,221.86517675364078,97.33661202185789,100.0,100.0,101.66666666666667,100.35421449655625,218.48732,94.385895
2016-05-18 19:00:00,143.33333333333334,160.3019626498388,97.17035350249401,178.33333333333334,123.33333333333333,95.0,178.37346783816034,164.39694,115.285904
2016-05-18 20:00:00,223.33333333333334,148.38533557398267,97.17035350249401,178.33333333333334,118.33333333333333,85.0,178.41360234298733,139.64922,94.941345
2016-05-18 21:00:00,81.66666666666667,101.93987859383253,97.17035350249401,178.33333333333334,65.0,61.666666666666664,178.4537368478143,89.12858,68.15433
2016-05-18 22:00:00,51.666666666666664,72.23116087468031,97.17035350249401,178.33333333333334,46.666666666666664,55.0,178.4938713526413,63.768063,56.964844
2016-05-18 23:00:00,56.666666666666664,68.4729901751959,97.17035350249401,178.33333333333334,55.0,56.666666666666664,178.5340058574683,63.47838,53.57404
2016-05-19 00:00:00,51.666666666666664,72.26997458798364,97.17035350249401,178.33333333333334,51.666666666666664,56.666666666666664,178.57414036229528,55.58693,53.57404
2016-05-19 01:00:00,51.666666666666664,78.51032016724176,97.17035350249401,178.33333333333334,53.333333333333336,56.666666666666664,178.61427486712225,54.97759,53.57404
2016-05-19 02:00:00,50.0,79.22822763594498,97.17035350249401,178.33333333333334,55.0,56.666666666666664,178.65440937194924,52.830795,51.539627
2016-05-19 03:00:00,51.666666666666664,81.51977099342578,97.17035350249401,178.33333333333334,51.666666666666664,50.0,178.69454387677624,55.35472,51.539627
2016-05-19 04:00:00,56.666666666666664,82.08387024002589,97.17035350249401,178.33333333333334,51.666666666666664,56.666666666666664,178.73467838160323,55.06803,51.539627
2016-05-19 05:00:00,55.0,90.53943342215055,97.17035350249401,178.33333333333334,65.0,61.666666666666664,178.7748128864302,60.022556,54.25219
2016-05-19 06:00:00,58.333333333333336,98.99954144727238,97.17035350249401,178.33333333333334,70.0,48.333333333333336,178.8149473912572,55.54676,58.321148
2016-05-19 07:00:00,50.0,125.80150542446157,97.17035350249401,178.33333333333334,53.333333333333336,58.333333333333336,178.8550818960842,94.81602,66.45897
2016-05-19 08:00:00,53.333333333333336,141.21293470794637,97.17035350249401,178.33333333333334,61.666666666666664,51.666666666666664,178.89521640091118,114.93037,76.97031
2016-05-19 09:00:00,36.666666666666664,121.05748697066814,97.17035350249401,178.33333333333334,65.0,48.333333333333336,178.93535090573815,115.33031,70.866936
2016-05-19 10:00:00,55.0,124.79682849068189,97.17035350249401,178.33333333333334,58.333333333333336,58.333333333333336,178.97548541056514,82.870155,66.79802
2016-05-19 11:00:00,51.666666666666664,120.39285080310185,97.17035350249401,178.33333333333334,70.0,50.0,179.01561991539214,85.096375,63.068165
2016-05-19 12:00:00,55.0,110.01176639230354,97.17035350249401,178.33333333333334,56.666666666666664,55.0,179.05575442021913,83.21449,62.390015
2016-05-19 13:00:00,50.0,98.94915377631082,97.17035350249401,178.33333333333334,86.66666666666667,56.666666666666664,179.0958889250461,95.526566,61.71186
2016-05-19 14:00:00,63.333333333333336,81.85473028731357,97.17035350249401,178.33333333333334,81.66666666666667,56.666666666666664,179.1360234298731,85.49283,62.390015
2016-05-19 15:00:00,81.66666666666667,84.30179967575506,97.17035350249401,178.33333333333334,83.33333333333333,68.33333333333333,179.1761579347001,92.23049,62.390015
2016-05-19 16:00:00,90.0,114.2427315246239,97.17035350249401,178.33333333333334,105.0,118.33333333333333,179.21629243952708,117.67986,81.37831
2016-05-19 17:00:00,208.33333333333334,168.29661865035425,97.17035350249401,178.33333333333334,118.33333333333333,208.33333333333334,179.25642694435405,116.31861,114.946846
2016-05-19 18:00:00,120.0,150.61297096369785,97.17035350249401,178.33333333333334,178.33333333333334,105.0,179.29656144918104,158.5681,118.33761
2016-05-19 19:00:00,98.33333333333333,104.67368126422008,97.01366472993328,120.0,143.33333333333334,123.33333333333333,120.02098805295448,119.90952,109.59779
2016-05-19 20:00:00,118.33333333333333,114.14856273370253,97.01366472993328,120.0,223.33333333333334,100.0,120.04197610590894,133.52997,88.62535
2016-05-19 21:00:00,66.66666666666667,96.5353660711686,97.01366472993328,120.0,81.66666666666667,71.66666666666667,120.06296415886342,82.114365,56.828526
2016-05-19 22:00:00,50.0,74.63964065411236,97.01366472993328,120.0,51.666666666666664,60.0,120.08395221181789,59.820114,50.063236
2016-05-19 23:00:00,56.666666666666664,57.81471657652101,97.01366472993328,120.0,56.666666666666664,56.666666666666664,120.10494026477237,61.080853,47.357075
2016-05-20 00:00:00,51.666666666666664,57.594401511694954,97.01366472993328,120.0,51.666666666666664,55.0,120.12592831772683,56.948917,50.063236
2016-05-20 01:00:00,51.666666666666664,55.526403188620655,97.01366472993328,120.0,51.666666666666664,53.333333333333336,120.14691637068131,56.948917,50.063236
2016-05-20 02:00:00,36.666666666666664,53.011656067445884,97.01366472993328,120.0,50.0,58.333333333333336,120.16790442363578,58.35867,46.680546
2016-05-20 03:00:00,58.333333333333336,60.63183898954589,97.01366472993328,120.0,51.666666666666664,58.333333333333336,120.18889247659025,58.590687,46.680546
2016-05-20 04:00:00,51.666666666666664,74.26417439913186,97.01366472993328,120.0,56.666666666666664,50.0,120.20988052954472,66.23431,50.063236
2016-05-20 05:00:00,61.666666666666664,79.68502719920286,97.01366472993328,120.0,55.0,58.333333333333336,120.2308685824992,75.409744,53.44584
2016-05-20 06:00:00,66.66666666666667,78.0016605401387,97.01366472993328,120.0,58.333333333333336,146.66666666666666,120.25185663545366,106.54079,58.858112
2016-05-20 07:00:00,80.0,100.91942231746356,97.01366472993328,120.0,50.0,176.66666666666666,120.27284468840814,166.9713,58.181583
2016-05-20 08:00:00,126.66666666666667,130.22718108816682,97.01366472993328,120.0,53.333333333333336,338.3333333333333,120.2938327413626,214.78896,65.623405
2016-05-20 09:00:00,73.33333333333333,121.61860311508252,97.01366472993328,120.0,36.666666666666664,93.33333333333333,120.31482079431709,162.66132,57.505054
2016-05-20 10:00:00,81.66666666666667,138.64064547585878,97.01366472993328,120.0,55.0,73.33333333333333,120.33580884727155,155.90396,56.828526
2016-05-20 11:00:00,73.33333333333333,154.0442925520066,97.01366472993328,120.0,51.666666666666664,355.0,120.35679690022603,227.04623,55.813713
2016-05-20 12:00:00,71.66666666666667,165.44357538410668,97.01366472993328,120.0,55.0,301.6666666666667,120.3777849531805,237.62315,56.828526
2016-05-20 13:00:00,61.666666666666664,170.10886031875424,97.01366472993328,120.0,50.0,268.3333333333333,120.39877300613497,202.78242,58.181583
2016-05-20 14:00:00,60.0,153.61443933040024,97.01366472993328,120.0,63.333333333333336,318.3333333333333,120.41976105908944,194.76315,59.872887
2016-05-20 15:00:00,46.666666666666664,148.232158302779,97.01366472993328,120.0,81.66666666666667,201.66666666666666,120.44074911204392,122.63587,63.59382
2016-05-20 16:00:00,48.333333333333336,161.22479620107106,97.01366472993328,120.0,90.0,351.6666666666667,120.46173716499838,149.08531,71.712166
2016-05-20 17:00:00,75.0,210.41011693435672,97.01366472993328,120.0,208.33333333333334,231.66666666666666,120.48272521795286,169.92964,90.65498
2016-05-20 18:00:00,78.33333333333333,175.5803563746257,97.01366472993328,120.0,120.0,348.3333333333333,120.50371327090733,193.96974,102.49426
2016-05-20 19:00:00,65.0,51.47095511403546,96.79478966474485,78.33333333333333,98.33333333333333,208.33333333333334,78.34080956958239,157.9747,94.13507
2016-05-20 20:00:00,70.0,63.020028713674535,96.79478966474485,78.33333333333333,118.33333333333333,120.0,78.34828580583147,142.0615,95.4656
2016-05-20 21:00:00,65.0,49.67741203411856,96.79478966474485,78.33333333333333,66.66666666666667,63.333333333333336,78.35576204208053,93.37309,78.16867
2016-05-20 22:00:00,53.333333333333336,50.704411992508284,96.79478966474485,78.33333333333333,50.0,55.0,78.36323827832959,83.270355,59.873913
2016-05-20 23:00:00,45.0,58.00807965536019,96.79478966474485,78.33333333333333,56.666666666666664,61.666666666666664,78.37071451457865,68.4911,55.217014
2016-05-21 00:00:00,48.333333333333336,68.3572757496642,96.79478966474485,78.33333333333333,51.666666666666664,58.333333333333336,78.37819075082773,62.708244,53.221264
2016-05-21 01:00:00,51.666666666666664,63.41899775807484,96.79478966474485,78.33333333333333,51.666666666666664,63.333333333333336,78.38566698707679,62.825886,51.890736
2016-05-21 02:00:00,56.666666666666664,54.22813361592125,96.79478966474485,78.33333333333333,36.666666666666664,60.0,78.39314322332585,69.9242,51.890736
2016-05-21 03:00:00,48.333333333333336,60.765612092417115,96.79478966474485,78.33333333333333,58.333333333333336,60.0,78.40061945957491,66.12054,51.890736
2016-05-21 04:00:00,56.666666666666664,70.63948015356979,96.79478966474485,78.33333333333333,51.666666666666664,60.0,78.40809569582399,65.82346,51.890736
2016-05-21 05:00:00,51.666666666666664,84.03609790875338,96.79478966474485,78.33333333333333,61.666666666666664,56.666666666666664,78.41557193207305,67.705315,53.221264
2016-05-21 06:00:00,60.0,93.42719331586677,96.79478966474485,78.33333333333333,66.66666666666667,63.333333333333336,78.42304816832211,66.03839,55.217014
2016-05-21 07:00:00,56.666666666666664,117.75658044167788,96.79478966474485,78.33333333333333,80.0,113.33333333333333,78.43052440457117,131.02074,58.54338
2016-05-21 08:00:00,208.33333333333334,132.8785124361013,96.79478966474485,78.33333333333333,126.66666666666667,133.33333333333334,78.43800064082025,134.56572,62.534927
2016-05-21 09:00:00,310.0,118.87590544374973,96.79478966474485,78.33333333333333,73.33333333333333,118.33333333333333,78.44547687706931,123.70736,68.52231
2016-05-21 10:00:00,383.3333333333333,120.06061551775716,96.79478966474485,78.33333333333333,81.66666666666667,158.33333333333334,78.45295311331837,123.891556,66.52656
2016-05-21 11:00:00,431.6666666666667,107.76822215993367,96.79478966474485,78.33333333333333,73.33333333333333,96.66666666666667,78.46042934956745,122.30863,63.20019
2016-05-21 12:00:00,228.33333333333334,111.44431082351132,96.79478966474485,78.33333333333333,71.66666666666667,116.66666666666667,78.46790558581651,143.98444,59.873913
2016-05-21 13:00:00,343.3333333333333,111.97262966627231,96.79478966474485,78.33333333333333,61.666666666666664,113.33333333333333,78.47538182206557,192.63568,61.537052
2016-05-21 14:00:00,303.3333333333333,99.65244178887082,96.79478966474485,78.33333333333333,60.0,106.66666666666667,78.48285805831463,169.73718,60.871788
2016-05-21 15:00:00,361.6666666666667,94.5408220979136,96.79478966474485,78.33333333333333,46.666666666666664,130.0,78.49033429456371,172.63448,64.19811
2016-05-21 16:00:00,100.0,111.62582238467074,96.79478966474485,78.33333333333333,48.333333333333336,111.66666666666667,78.49781053081277,171.12029,69.85284
2016-05-21 17:00:00,95.0,178.99673453411032,96.79478966474485,78.33333333333333,75.0,241.66666666666666,78.50528676706183,193.52031,82.492874
2016-05-21 18:00:00,125.0,164.6549087898413,96.79478966474485,78.33333333333333,78.33333333333333,166.66666666666666,78.5127630033109,189.30789,98.45927
2016-05-21 19:00:00,108.33333333333333,83.17343316313062,97.20650561559656,125.0,65.0,90.0,125.02225755166931,132.96347,121.50588
2016-05-21 20:00:00,95.0,96.3108227625748,97.20650561559656,125.0,70.0,86.66666666666667,125.04451510333864,109.464386,97.339
2016-05-21 21:00:00,135.0,63.87248403143971,97.20650561559656,125.0,65.0,75.0,125.06677265500795,67.64389,75.18597
2016-05-21 22:00:00,73.33333333333333,42.705861073808094,97.20650561559656,125.0,53.333333333333336,61.666666666666664,125.08903020667726,46.78366,59.745968
2016-05-21 23:00:00,148.33333333333334,41.44284570324483,97.20650561559656,125.0,45.0,48.333333333333336,125.11128775834658,46.78366,55.046894
2016-05-22 00:00:00,60.0,44.596538886912526,97.20650561559656,125.0,48.333333333333336,53.333333333333336,125.1335453100159,48.268852,53.032944
2016-05-22 01:00:00,56.666666666666664,43.74953365642071,97.20650561559656,125.0,51.666666666666664,55.0,125.15580286168522,48.878193,53.032944
2016-05-22 02:00:00,51.666666666666664,35.56766456086581,97.20650561559656,125.0,56.666666666666664,51.666666666666664,125.17806041335453,56.948822,53.032944
2016-05-22 03:00:00,53.333333333333336,35.69302079482627,97.20650561559656,125.0,48.333333333333336,40.0,125.20031796502384,72.00702,51.69034
2016-05-22 04:00:00,55.0,44.938861765968824,97.20650561559656,125.0,56.666666666666664,51.666666666666664,125.22257551669317,64.764404,53.032944
2016-05-22 05:00:00,50.0,73.20671933626437,97.20650561559656,125.0,51.666666666666664,56.666666666666664,125.24483306836248,68.42217,55.046894
2016-05-22 06:00:00,58.333333333333336,95.44108912010138,97.20650561559656,125.0,60.0,51.666666666666664,125.2670906200318,69.3098,56.3895
2016-05-22 07:00:00,63.333333333333336,113.61215673929883,97.20650561559656,125.0,56.666666666666664,93.33333333333333,125.2893481717011,98.57031,61.75992
2016-05-22 08:00:00,190.0,130.0130593789923,97.20650561559656,125.0,208.33333333333334,118.33333333333333,125.31160572337043,150.84857,73.17202
2016-05-22 09:00:00,113.33333333333333,129.68659828736307,97.20650561559656,125.0,310.0,101.66666666666667,125.33386327503975,213.32146,89.95462
2016-05-22 10:00:00,201.66666666666666,152.94982119867564,97.20650561559656,125.0,383.3333333333333,108.33333333333333,125.35612082670906,224.7759,85.25546
2016-05-22 11:00:00,343.3333333333333,166.74758962711928,97.20650561559656,125.0,431.6666666666667,105.0,125.37837837837837,209.77184,85.25546
2016-05-22 12:00:00,126.66666666666667,170.65145563561032,97.20650561559656,125.0,228.33333333333334,96.66666666666667,125.4006359300477,217.62392,83.2416
2016-05-22 13:00:00,103.33333333333333,175.02224522094934,97.20650561559656,125.0,343.3333333333333,136.66666666666666,125.42289348171701,132.96196,82.5703
2016-05-22 14:00:00,106.66666666666667,159.20572250279326,97.20650561559656,125.0,303.3333333333333,88.33333333333333,125.44515103338632,123.03542,81.89895
2016-05-22 15:00:00,96.66666666666667,169.9267707483209,97.20650561559656,125.0,361.6666666666667,93.33333333333333,125.46740858505565,113.22547,80.89201
2016-05-22 16:00:00,88.33333333333333,190.35198254933348,97.20650561559656,125.0,100.0,143.33333333333334,125.48966613672496,128.78229,80.89201
2016-05-22 17:00:00,265.0,251.56729008027662,97.20650561559656,125.0,95.0,236.66666666666666,125.51192368839428,155.97615,93.31118
2016-05-22 18:00:00,120.0,243.7232438579265,97.20650561559656,125.0,125.0,98.33333333333333,125.53418124006359,186.51982,108.079834
2016-05-22 19:00:00,96.66666666666667,141.42541298918732,97.34227129337539,120.0,108.33333333333333,96.66666666666667,120.020511202272,145.98529,110.22241
2016-05-22 20:00:00,116.66666666666667,129.73934128650836,97.34227129337539,120.0,95.0,246.66666666666666,120.04102240454402,162.21432,94.38008
2016-05-22 21:00:00,88.33333333333333,90.92724141861909,97.34227129337539,120.0,135.0,203.33333333333334,120.06153360681603,146.04845,71.45919
2016-05-22 22:00:00,78.33333333333333,64.14930272216024,97.34227129337539,120.0,73.33333333333333,86.66666666666667,120.08204480908805,94.225075,58.65044
2016-05-22 23:00:00,60.0,70.81938780787137,97.34227129337539,120.0,148.33333333333334,83.33333333333333,120.10255601136005,104.399376,58.65044
2016-05-23 00:00:00,58.333333333333336,41.43993553788893,97.34227129337539,120.0,60.0,61.666666666666664,120.12306721363205,67.911804,55.279774
2016-05-23 01:00:00,51.666666666666664,44.16866601211554,97.34227129337539,120.0,56.666666666666664,53.333333333333336,120.14357841590407,65.2631,55.279774
2016-05-23 02:00:00,58.333333333333336,37.513424814726505,97.34227129337539,120.0,51.666666666666664,56.666666666666664,120.16408961817608,66.87052,55.279774
2016-05-23 03:00:00,51.666666666666664,35.67847041510372,97.34227129337539,120.0,53.333333333333336,53.333333333333336,120.1846008204481,65.62912,55.279774
2016-05-23 04:00:00,50.0,36.53286893962613,97.34227129337539,120.0,55.0,55.0,120.2051120227201,66.08719,53.2573
2016-05-23 05:00:00,66.66666666666667,46.33752579389106,97.34227129337539,120.0,50.0,51.666666666666664,120.2256232249921,71.81443,56.62806
2016-05-23 06:00:00,60.0,60.90277822699221,97.34227129337539,120.0,58.333333333333336,53.333333333333336,120.24613442726412,86.88457,58.65044
2016-05-23 07:00:00,56.666666666666664,91.66768955072027,97.34227129337539,120.0,63.333333333333336,61.666666666666664,120.26664562953613,119.88366,62.0212
2016-05-23 08:00:00,51.666666666666664,115.83205356305882,97.34227129337539,120.0,190.0,88.33333333333333,120.28715683180815,148.3395,61.34701
2016-05-23 09:00:00,55.0,108.61234355515239,97.34227129337539,120.0,113.33333333333333,70.0,120.30766803408015,160.17876,61.34701
2016-05-23 10:00:00,51.666666666666664,141.56643949443315,97.34227129337539,120.0,201.66666666666666,148.33333333333334,120.32817923635216,177.63582,63.369484
2016-05-23 11:00:00,56.666666666666664,163.61323979698847,97.34227129337539,120.0,343.3333333333333,103.33333333333333,120.34869043862417,171.40704,61.34701
2016-05-23 12:00:00,61.666666666666664,147.99552438869188,97.34227129337539,120.0,126.66666666666667,206.66666666666666,120.36920164089618,176.26985,61.34701
2016-05-23 13:00:00,56.666666666666664,137.52664367672128,97.34227129337539,120.0,103.33333333333333,266.6666666666667,120.3897128431682,165.17867,60.672867
2016-05-23 14:00:00,58.333333333333336,132.39045626665683,97.34227129337539,120.0,106.66666666666667,88.33333333333333,120.4102240454402,112.20512,62.695343
2016-05-23 15:00:00,73.33333333333333,137.81324928935857,97.34227129337539,120.0,96.66666666666667,111.66666666666667,120.4307352477122,125.28595,66.74015
2016-05-23 16:00:00,156.66666666666666,151.00923253416659,97.34227129337539,120.0,88.33333333333333,88.33333333333333,120.45124644998423,122.133934,81.57129
2016-05-23 17:00:00,380.0,216.34935242292553,97.34227129337539,120.0,265.0,243.33333333333334,120.47175765225623,157.80598,99.77318
2016-05-23 18:00:00,123.33333333333333,194.7882214886949,97.34227129337539,120.0,120.0,155.0,120.49226885452825,152.68369,106.5146
2016-05-23 19:00:00,120.0,157.87130030427474,97.24274681694847,123.33333333333333,96.66666666666667,115.0,123.35473431464662,129.53793,104.84759
2016-05-23 20:00:00,105.0,128.19917277229916,97.24274681694847,123.33333333333333,116.66666666666667,96.66666666666667,123.37613529595991,122.13694,75.79744
2016-05-23 21:00:00,68.33333333333333,88.36168472859372,97.24274681694847,123.33333333333333,88.33333333333333,68.33333333333333,123.3975362772732,109.66769,58.43416
2016-05-23 22:00:00,63.333333333333336,67.72373092322799,97.24274681694847,123.33333333333333,78.33333333333333,46.666666666666664,123.41893725858648,95.86524,54.76118
2016-05-23 23:00:00,58.333333333333336,64.18310623554906,97.24274681694847,123.33333333333333,60.0,60.0,123.44033823989977,84.07214,51.422047
2016-05-24 00:00:00,50.0,62.42709459071895,97.24274681694847,123.33333333333333,58.333333333333336,50.0,123.46173922121307,68.4236,53.425545
2016-05-24 01:00:00,56.666666666666664,68.47200601881207,97.24274681694847,123.33333333333333,51.666666666666664,55.0,123.48314020252636,58.257786,53.425545
2016-05-24 02:00:00,55.0,68.21771530968071,97.24274681694847,123.33333333333333,58.333333333333336,51.666666666666664,123.50454118383965,66.63673,52.423798
2016-05-24 03:00:00,53.333333333333336,67.71377091253768,97.24274681694847,123.33333333333333,51.666666666666664,53.333333333333336,123.52594216515294,54.45413,53.75943
2016-05-24 04:00:00,53.333333333333336,55.849087705790595,97.24274681694847,123.33333333333333,50.0,53.333333333333336,123.54734314646622,54.45413,56.76459
2016-05-24 05:00:00,106.66666666666667,51.176220789917394,97.24274681694847,123.33333333333333,66.66666666666667,58.333333333333336,123.56874412777951,56.33599,58.100227
2016-05-24 06:00:00,71.66666666666667,59.02294265741257,97.24274681694847,123.33333333333333,60.0,56.666666666666664,123.5901451090928,64.62265,60.103725
2016-05-24 07:00:00,161.66666666666666,79.08504927968201,97.24274681694847,123.33333333333333,56.666666666666664,65.0,123.6115460904061,112.1597,61.43936
2016-05-24 08:00:00,56.666666666666664,110.55122503396451,97.24274681694847,123.33333333333333,51.666666666666664,56.666666666666664,123.63294707171939,127.36191,61.43936
2016-05-24 09:00:00,38.333333333333336,111.65693156574066,97.24274681694847,123.33333333333333,55.0,51.666666666666664,123.65434805303268,133.9349,60.103725
2016-05-24 10:00:00,66.66666666666667,134.77821743347096,97.24274681694847,123.33333333333333,51.666666666666664,53.333333333333336,123.67574903434596,133.90192,58.100227
2016-05-24 11:00:00,101.66666666666667,148.6390245530921,97.24274681694847,123.33333333333333,56.666666666666664,51.666666666666664,123.69715001565925,140.35522,58.100227
2016-05-24 12:00:00,128.33333333333334,130.40772581043652,97.24274681694847,123.33333333333333,61.666666666666664,53.333333333333336,123.71855099697254,126.91835,57.43241
2016-05-24 13:00:00,118.33333333333333,135.48502310643516,97.24274681694847,123.33333333333333,56.666666666666664,41.666666666666664,123.73995197828583,94.716034,58.100227
2016-05-24 14:00:00,150.0,133.73651730330403,97.24274681694847,123.33333333333333,58.333333333333336,53.333333333333336,123.76135295959912,88.23954,60.103725
2016-05-24 15:00:00,141.66666666666666,131.1004830948708,97.24274681694847,123.33333333333333,73.33333333333333,51.666666666666664,123.78275394091241,113.80166,64.110596
2016-05-24 16:00:00,141.66666666666666,147.20288419355848,97.24274681694847,123.33333333333333,156.66666666666666,66.66666666666667,123.80415492222569,128.26628,78.13477
2016-05-24 17:00:00,203.33333333333334,212.947105746751,97.24274681694847,123.33333333333333,380.0,153.33333333333334,123.82555590353898,146.43375,94.83028
2016-05-24 18:00:00,136.66666666666666,181.40201843187006,97.24274681694847,123.33333333333333,123.33333333333333,100.0,123.84695688485228,166.49637,100.84064
2016-05-24 19:00:00,123.33333333333333,126.98988759234518,97.23430702299568,136.66666666666666,120.0,123.33333333333333,136.69205263703242,120.296684,113.27206
2016-05-24 20:00:00,96.66666666666667,119.95816355634929,97.23430702299568,136.66666666666666,105.0,118.33333333333333,136.71743860739818,128.38559,95.06768
2016-05-24 21:00:00,76.66666666666667,79.3439740137579,97.23430702299568,136.66666666666666,68.33333333333333,65.0,136.74282457776394,94.32281,70.795074
2016-05-24 22:00:00,61.666666666666664,63.82237741952098,97.23430702299568,136.66666666666666,63.333333333333336,46.666666666666664,136.76821054812973,89.227905,60.007217
2016-05-24 23:00:00,58.333333333333336,65.56486826110606,97.23430702299568,136.66666666666666,58.333333333333336,55.0,136.7935965184955,73.37158,58.658745
2016-05-25 00:00:00,53.333333333333336,60.87283029483613,97.23430702299568,136.66666666666666,50.0,51.666666666666664,136.81898248886125,53.689472,56.636074
2016-05-25 01:00:00,53.333333333333336,66.73411195950746,97.23430702299568,136.66666666666666,56.666666666666664,53.333333333333336,136.844368459227,56.234318,56.636074
2016-05-25 02:00:00,56.666666666666664,70.88391934065167,97.23430702299568,136.66666666666666,55.0,55.0,136.86975442959277,56.71287,56.636074
2016-05-25 03:00:00,48.333333333333336,71.05448071441964,97.23430702299568,136.66666666666666,53.333333333333336,51.666666666666664,136.89514039995854,54.12252,56.636074
2016-05-25 04:00:00,55.0,72.17185387277715,97.23430702299568,136.66666666666666,53.333333333333336,51.666666666666664,136.9205263703243,54.12252,56.636074
2016-05-25 05:00:00,55.0,84.78567455692033,97.23430702299568,136.66666666666666,106.66666666666667,65.0,136.94591234069009,100.922615,58.658745
2016-05-25 06:00:00,55.0,94.03814809400805,97.23430702299568,136.66666666666666,71.66666666666667,70.0,136.97129831105585,55.18504,60.007217
2016-05-25 07:00:00,65.0,117.29337302460249,97.23430702299568,136.66666666666666,161.66666666666666,53.333333333333336,136.9966842814216,120.21268,63.041313
2016-05-25 08:00:00,83.33333333333333,134.38632048761605,97.23430702299568,136.66666666666666,56.666666666666664,61.666666666666664,137.02207025178737,137.31058,61.355694
2016-05-25 09:00:00,90.0,118.55697786311046,97.23430702299568,136.66666666666666,38.333333333333336,65.0,137.04745622215313,142.01346,64.72693
2016-05-25 10:00:00,78.33333333333333,124.64962034629647,97.23430702299568,136.66666666666666,66.66666666666667,58.333333333333336,137.0728421925189,103.58905,61.355694
2016-05-25 11:00:00,50.0,127.42407264180005,97.23430702299568,136.66666666666666,101.66666666666667,70.0,137.09822816288465,91.56587,60.681458
2016-05-25 12:00:00,60.0,116.681672743121,97.23430702299568,136.66666666666666,128.33333333333334,56.666666666666664,137.12361413325044,96.37001,60.34436
2016-05-25 13:00:00,71.66666666666667,118.94970970396894,97.23430702299568,136.66666666666666,118.33333333333333,86.66666666666667,137.1490001036162,91.99631,63.378452
2016-05-25 14:00:00,80.0,112.08390085087075,97.23430702299568,136.66666666666666,150.0,81.66666666666667,137.17438607398196,87.33645,69.78369
2016-05-25 15:00:00,80.0,107.61809550775055,97.23430702299568,136.66666666666666,141.66666666666666,83.33333333333333,137.19977204434772,90.842514,81.919975
2016-05-25 16:00:00,231.66666666666666,120.69042184820995,97.23430702299568,136.66666666666666,141.66666666666666,105.0,137.2251580147135,101.598785,102.4843
2016-05-25 17:00:00,118.33333333333333,193.93853630055492,97.23430702299568,136.66666666666666,203.33333333333334,118.33333333333333,137.25054398507925,119.0797,117.99173
2016-05-25 18:00:00,156.66666666666666,157.75175138803343,97.23430702299568,136.66666666666666,136.66666666666666,178.33333333333334,137.275929955445,140.00197,113.9463
2016-05-25 19:00:00,118.33333333333333,99.51033291169247,97.11854822126263,156.66666666666666,123.33333333333333,143.33333333333334,156.69803558572457,106.865395,105.5893
2016-05-25 20:00:00,190.0,98.08772248781956,97.11854822126263,156.66666666666666,96.66666666666667,223.33333333333334,156.72940450478245,104.21166,85.01119
2016-05-25 21:00:00,56.666666666666664,75.2768018668902,97.11854822126263,156.66666666666666,76.66666666666667,81.66666666666667,156.76077342384036,65.234505,66.119835
2016-05-25 22:00:00,53.333333333333336,69.74170210178261,97.11854822126263,156.66666666666666,61.666666666666664,51.666666666666664,156.79214234289827,49.44887,56.67416
2016-05-25 23:00:00,53.333333333333336,69.77763399866237,97.11854822126263,156.66666666666666,58.333333333333336,56.666666666666664,156.82351126195618,47.915348,56.67416
2016-05-26 00:00:00,53.333333333333336,39.75768288862847,97.11854822126263,156.66666666666666,53.333333333333336,51.666666666666664,156.85488018101407,47.785126,55.324776
2016-05-26 01:00:00,55.0,39.108063350959675,97.11854822126263,156.66666666666666,53.333333333333336,51.666666666666664,156.88624910007198,47.175785,55.324776
2016-05-26 02:00:00,50.0,46.44347480738601,97.11854822126263,156.66666666666666,56.666666666666664,50.0,156.9176180191299,49.89413,55.324776
2016-05-26 03:00:00,56.666666666666664,51.70930263738073,97.11854822126263,156.66666666666666,48.333333333333336,51.666666666666664,156.9489869381878,55.8326,55.324776
2016-05-26 04:00:00,50.0,47.323949038431614,97.11854822126263,156.66666666666666,55.0,56.666666666666664,156.98035585724568,55.22972,55.324776
2016-05-26 05:00:00,56.666666666666664,81.62180461207721,97.11854822126263,156.66666666666666,55.0,55.0,157.0117247763036,81.33771,59.71025
2016-05-26 06:00:00,61.666666666666664,123.26104724791182,97.11854822126263,156.66666666666666,55.0,58.333333333333336,157.0430936953615,81.318306,63.421074
2016-05-26 07:00:00,100.0,141.13592103960775,97.11854822126263,156.66666666666666,65.0,50.0,157.07446261441942,117.55674,64.095764
2016-05-26 08:00:00,156.66666666666666,149.94340321778097,97.11854822126263,156.66666666666666,83.33333333333333,53.333333333333336,157.1058315334773,100.34835,64.095764
2016-05-26 09:00:00,276.6666666666667,119.53321365195454,97.11854822126263,156.66666666666666,90.0,36.666666666666664,157.1372004525352,109.31373,64.770454
2016-05-26 10:00:00,265.0,103.80074590454672,97.11854822126263,156.66666666666666,78.33333333333333,55.0,157.16856937159312,101.14106,60.047573
2016-05-26 11:00:00,243.33333333333334,115.23188875857595,97.11854822126263,156.66666666666666,50.0,51.666666666666664,157.19993829065103,100.51451,58.02354
2016-05-26 12:00:00,221.66666666666666,116.04159664714605,97.11854822126263,156.66666666666666,60.0,55.0,157.23130720970892,80.9272,59.035557
2016-05-26 13:00:00,75.0,104.74088868871254,97.11854822126263,156.66666666666666,71.66666666666667,50.0,157.26267612876683,101.70133,58.02354
2016-05-26 14:00:00,68.33333333333333,97.86126532757278,97.11854822126263,156.66666666666666,80.0,63.333333333333336,157.29404504782474,100.44122,58.02354
2016-05-26 15:00:00,61.666666666666664,97.42310749935834,97.11854822126263,156.66666666666666,80.0,81.66666666666667,157.32541396688265,86.66183,59.372925
2016-05-26 16:00:00,495.0,101.10902818668077,97.11854822126263,156.66666666666666,231.66666666666666,90.0,157.35678288594053,137.46103,67.46918
2016-05-26 17:00:00,440.0,163.47595839443278,97.11854822126263,156.66666666666666,118.33333333333333,208.33333333333334,157.38815180499844,144.65381,73.5414
2016-05-26 18:00:00,215.0,138.40531871632868,97.11854822126263,156.66666666666666,156.66666666666666,120.0,157.41952072405635,226.19342,73.87877
2016-05-26 19:00:00,223.33333333333334,202.55272939977698,97.46836088997759,215.0,118.33333333333333,98.33333333333333,215.0490045941807,187.29199,110.399796
2016-05-26 20:00:00,91.66666666666667,158.71895896537785,97.46836088997759,215.0,190.0,118.33333333333333,215.0980091883614,233.42493,81.49382
2016-05-26 21:00:00,76.66666666666667,104.63511851022795,97.46836088997759,215.0,56.666666666666664,66.66666666666667,215.1470137825421,86.01795,68.259834
2016-05-26 22:00:00,70.0,57.34509332164092,97.46836088997759,215.0,53.333333333333336,50.0,215.1960183767228,64.07873,58.508442
2016-05-26 23:00:00,65.0,46.174608780332164,97.46836088997759,215.0,53.333333333333336,56.666666666666664,215.24502297090353,63.755077,55.025757
2016-05-27 00:00:00,60.0,35.35876816710115,97.46836088997759,215.0,53.333333333333336,51.666666666666664,215.29402756508424,59.614994,53.6327
2016-05-27 01:00:00,58.333333333333336,30.329139937959667,97.46836088997759,215.0,55.0,51.666666666666664,215.34303215926494,51.288563,53.6327
2016-05-27 02:00:00,50.0,27.538726787166752,97.46836088997759,215.0,50.0,36.666666666666664,215.39203675344564,52.84148,53.6327
2016-05-27 03:00:00,58.333333333333336,31.581012038756967,97.46836088997759,215.0,56.666666666666664,58.333333333333336,215.44104134762634,52.84148,53.6327
2016-05-27 04:00:00,58.333333333333336,43.10917131412107,97.46836088997759,215.0,50.0,51.666666666666664,215.49004594180704,52.84148,55.025757
2016-05-27 05:00:00,58.333333333333336,55.456402712495816,97.46836088997759,215.0,56.666666666666664,61.666666666666664,215.53905053598774,55.396484,56.41881
2016-05-27 06:00:00,63.333333333333336,56.228825424148496,97.46836088997759,215.0,61.666666666666664,66.66666666666667,215.58805513016844,65.6048,59.20497
2016-05-27 07:00:00,111.66666666666667,75.14552170365806,97.46836088997759,215.0,100.0,80.0,215.63705972434917,121.52608,64.777145
2016-05-27 08:00:00,130.0,91.47585796752631,97.46836088997759,215.0,156.66666666666666,126.66666666666667,215.68606431852987,156.59985,77.66293
2016-05-27 09:00:00,251.66666666666666,86.88938282754535,97.46836088997759,215.0,276.6666666666667,73.33333333333333,215.73506891271057,112.21914,77.31465
2016-05-27 10:00:00,251.66666666666666,100.68311362037456,97.46836088997759,215.0,265.0,81.66666666666667,215.78407350689127,109.24514,73.13548
2016-05-27 11:00:00,310.0,101.03893727666814,97.46836088997759,215.0,243.33333333333334,73.33333333333333,215.83307810107198,205.8572,65.47368
2016-05-27 12:00:00,185.0,99.77557825688221,97.46836088997759,215.0,221.66666666666666,71.66666666666667,215.88208269525268,202.7793,61.991035
2016-05-27 13:00:00,265.0,125.12501956466366,97.46836088997759,215.0,75.0,61.666666666666664,215.93108728943338,191.00133,62.68756
2016-05-27 14:00:00,101.66666666666667,124.77645447762386,97.46836088997759,215.0,68.33333333333333,60.0,215.98009188361408,193.74144,62.68756
2016-05-27 15:00:00,76.66666666666667,124.49520589784588,97.46836088997759,215.0,61.666666666666664,46.666666666666664,216.02909647779478,176.56111,72.09071
2016-05-27 16:00:00,135.0,156.36427394971963,97.46836088997759,215.0,495.0,48.333333333333336,216.0781010719755,221.91052,83.58345
2016-05-27 17:00:00,180.0,216.90878246999443,97.46836088997759,215.0,440.0,75.0,216.1271056661562,163.32504,96.121
2016-05-27 18:00:00,430.0,173.42461044410777,97.46836088997759,215.0,215.0,78.33333333333333,216.1761102603369,197.92545,99.95187
