,correlation
lights,0.26179427695491536
RH_out,-0.1945148982904273
T2,0.15515038037619655
T6,0.15077443438046442
T_out,0.12745314894888818
RH_1,0.12446396845790138
RH_8,-0.11779143958506193
T3,0.11683756316500304
Windspeed,0.11247653500615636
RH_6,-0.10755575801944062
T1,0.07446419561973669
RH_2,-0.06875768907449985
RH_7,-0.06805233218199248
RH_9,-0.061158012193551554
T4,0.055205291190848764
RH_3,0.05369293573019651
T8,0.05073556695402337
Press_mm_hg,-0.04403448222275631
T7,0.0349446072587251
T5,0.024827622118557904
RH_4,0.023247081739006026
rv1,-0.022951008596871464
rv2,-0.022951008596871464
Tdewpoint,0.021073203929858415
T9,0.014573167678718708
Visibility,-0.0033803089589463
RH_5,0.002011821049029743
